time,open,high,low,close,RSI,Regular Bullish Label,Regular Bearish Label
1502928000,300.115,312.18,278,297.60249999999996,NaN,NaN,NaN
1503273600,298.85875,346.52,144.21,278.3125,NaN,NaN,NaN
1503619200,288.585625,351,288.585625,335.95750000000004,NaN,NaN,NaN
1503964800,312.2715625,394.39,312.2715625,368.7125,NaN,NaN,NaN
1504310400,340.49203124999997,394.32,235.55,332.60499999999996,NaN,NaN,NaN
1504656000,336.54851562499994,342.5,272,306.1325,NaN,NaN,NaN
1505001600,321.34050781249994,321.34050781249994,257.05,286.785,NaN,NaN,NaN
1505347200,304.06275390625,304.06275390625,192,252.5575,NaN,NaN,NaN
1505692800,278.310126953125,306.22,252.1,268.2175,NaN,NaN,NaN
1506038400,273.2638134765625,299,253.01,275.8575,NaN,NaN,NaN
1506384000,274.5606567382813,313,274,293.41,NaN,NaN,NaN
1506729600,283.9853283691407,307.49,283.18,293.9425,NaN,NaN,NaN
1507075200,288.96391418457034,318.5,285.53,301.8775,NaN,NaN,NaN
1507420800,295.42070709228517,317.07,286.65,304.7025,NaN,NaN,NaN
1507766400,300.0616035461426,353.96,297,323.2325,54.321799541346294,NaN,NaN
1508112000,311.6470517730713,354,284.68,321.32500000000005,53.94805827181233,NaN,NaN
1508457600,316.4860258865357,316.4860258865357,272.2,293.28249999999997,48.64890102157299,NaN,NaN
1508803200,304.8842629432678,310,275.5,291.025,48.23811371055932,NaN,NaN
1509148800,297.9546314716339,316,290.1,301.8325,50.39749704969712,NaN,NaN
1509494400,299.89356573581694,307,274.73,296.165,49.23747461181242,NaN,NaN
1509840000,298.0292828679085,320,287,302.015,50.50389378570921,NaN,NaN
1510185600,300.02214143395423,329,281.01,304.7125,51.10958083659145,NaN,NaN
1510531200,302.36732071697713,339,302.36732071697713,319.5475,54.41346361957347,NaN,NaN
1510876800,310.9574103584886,373.56,310.9574103584886,349.0775,60.18171293273529,NaN,NaN
1511222400,330.0174551792443,475,330.0174551792443,415.36,69.50807689160328,NaN,NaN
1511568000,372.68872758962215,486.94,372.68872758962215,464.20500000000004,74.28754202823481,NaN,NaN
1511913600,418.44686379481107,515,385,455.95000000000005,72.22702662354929,NaN,NaN
1512259200,437.19843189740556,485.9,400,438.5625,67.95174026429157,NaN,NaN
1512604800,437.88046594870275,488,375.01,426.48,65.06939129119134,NaN,NaN
1512950400,432.1802329743514,747.6,427.4,570.5675,77.38758648651142,NaN,NaN
1513296000,501.3738664871757,798.88,501.3738664871757,714.1225,83.594825649169,NaN,NaN
1513641600,607.7481832435878,864.9,504.99,697.4650000000001,80.82240261455667,NaN,NaN
1513987200,652.606591621794,750,563.49,674.6600000000001,77.05463749035965,NaN,NaN
1514332800,663.633295810897,766.05,635.82,708.2325,78.63376891365522,NaN,NaN
1514678400,685.9328979054485,740,672.86,706.7125,78.37078925244595,NaN,NaN
1514764800,696.3226989527243,1009.72,696.3226989527243,849.8824999999999,83.84962989940622,NaN,NaN
1515110400,773.1025994763621,1239.18,773.1025994763621,1055.5900000000001,88.39730671254408,NaN,NaN
1515456000,914.3462997381812,1440,914.3462997381812,1212.0125,90.57144039822234,NaN,NaN
1515801600,1063.1793998690905,1427.01,780,1115.22,80.51732349217696,NaN,NaN
1516147200,1089.1996999345452,1165.4,755,1018.2850000000001,71.90827564448661,NaN,NaN
1516492800,1053.7423499672727,1152.69,908,1068.0149999999999,73.47517413123546,NaN,NaN
1516838400,1060.8786749836363,1277,986,1143.825,75.70030710030704,NaN,NaN
1517184000,1102.351837491818,1258.89,981,1133.4475000000002,74.77557882044499,NaN,NaN
1517529600,1117.8996687459091,1117.8996687459091,634.94,855.4875000000001,55.29252051953502,NaN,NaN
1517875200,986.6935843729545,986.6935843729545,570.1,756.625,50.275060533376674,NaN,NaN
1518220800,871.6592921864773,911.2,768.28,849.3325000000001,54.44932808714725,NaN,NaN
1518566400,860.4958960932387,974,841.3,906.7149999999999,56.86314210839035,NaN,NaN
1518912000,883.6054480466194,978.5,812.87,899.3125,56.44757806332102,NaN,NaN
1519257600,891.4589740233097,891.4589740233097,785.99,837.1325,52.947259415487736,NaN,NaN
1519603200,864.2957370116549,897.49,833,860.645,54.10616848077092,NaN,NaN
1519948800,862.4703685058274,876.22,836.24,858.2325000000001,53.95931506208029,NaN,NaN
1520294400,860.3514342529138,860.3514342529138,640,766.675,48.571305651162554,NaN,NaN
1520640000,813.5132171264569,813.5132171264569,659.15,704.4350000000001,45.26257427692841,NaN,NaN
1520985600,758.9741085632285,758.9741085632285,544,621.1624999999999,41.21704552460978,NaN,NaN
1521331200,690.0683042816142,690.0683042816142,450,536.9175,37.559551278731355,NaN,NaN
1521676800,613.4929021408071,613.4929021408071,506.71,542.05,37.920978751930065,NaN,NaN
1522022400,577.7714510704036,577.7714510704036,380,453.905,34.25391264313882,NaN,NaN
1522368000,515.8382255352018,515.8382255352018,356.9,386.305,31.72046224410829,NaN,NaN
1522713600,451.07161276760087,451.07161276760087,362.54,383.87749999999994,31.629993502637376,NaN,NaN
1523059200,417.4745563838004,431.99,368.28,396.30749999999995,32.68862323761314,NaN,NaN
1523404800,406.8910281919002,530,406.8910281919002,464.6475,38.341385944760475,NaN,NaN
1523750400,435.7692640959501,538,435.7692640959501,516.02,42.266400962902175,NaN,NaN
1524096000,475.89463204797505,643.49,475.89463204797505,577.9825,46.675569546192435,NaN,NaN
1524441600,526.9385660239875,712.99,526.9385660239875,647.25,51.16550443846267,NaN,NaN
1524787200,587.0942830119938,700.49,587.0942830119938,667.1275,52.40401876491398,NaN,NaN
1525132800,627.110891505997,810,627.110891505997,723.5875000000001,55.83058968518126,NaN,NaN
1525478400,675.3491957529985,839.99,675.3491957529985,768.9449999999999,58.420370303436826,NaN,NaN
1525824000,722.1470978764992,769.88,633.2,709.045,53.92377254413985,NaN,NaN
1526169600,715.5960489382496,743.9,666.31,700.265,53.276469648406255,NaN,NaN
1526515200,707.9305244691247,729.88,656,702.2099999999999,53.40989266816667,NaN,NaN
1526860800,705.0702622345623,720.46,550,647.1999999999999,49.136198935172914,NaN,NaN
1527206400,676.1351311172812,676.1351311172812,506.11,559.2875,43.18856616621462,NaN,NaN
1527552000,617.7113155586405,617.7113155586405,510,547.69,42.45842819472646,NaN,NaN
1527897600,582.7006577793203,628.81,570.36,596.8050000000001,46.57745988565201,NaN,NaN
1528243200,589.7528288896601,618,589.7528288896601,602.79,47.07463792798556,NaN,NaN
1528588800,596.27141444483,596.27141444483,449.06,527.46,41.801514693374195,NaN,NaN
1528934400,561.865707222415,561.865707222415,460,490.40250000000003,39.4598271563875,NaN,NaN
1529280000,526.1341036112076,548.2,487.27,514.6999999999999,41.763405838616826,NaN,NaN
1529625600,520.4170518056037,526.44,419.53,482.74750000000006,39.627957735065635,NaN,NaN
1529971200,501.5822759028019,501.5822759028019,404.48,439.775,36.89559653527711,NaN,NaN
1530316800,470.6786379514009,486.98,434.51,454.52,38.46346032414553,NaN,NaN
1530662400,462.59931897570044,487.99,451.29,471.65749999999997,40.31942222760502,NaN,NaN
1531008000,467.1284094878502,495.98,424.2,462.685,39.64523935861351,NaN,NaN
1531353600,464.9067047439251,464.9067047439251,416.94,441.6775,38.04138360775504,NaN,NaN
1531699200,453.2921023719625,515.47,444.03,469.465,41.417386359707336,NaN,NaN
1532044800,461.3785511859812,472.2,440,457.7375,40.41646477802683,NaN,NaN
1532390400,459.5580255929906,485.77,448.47,463.59499999999997,41.18105047109692,NaN,NaN
1532736000,461.5765127964953,472,427,450.3275,39.93115622739174,NaN,NaN
1533081600,455.95200639824765,455.95200639824765,396.61,417.75250000000005,36.964667750312586,NaN,NaN
1533427200,436.8522531991239,436.8522531991239,347.25,380.805,33.88941919744367,NaN,NaN
1533772800,408.82862659956197,408.82862659956197,304.45,336.92999999999995,30.63056331664933,NaN,NaN
1534118400,372.87931329978096,372.87931329978096,250,294.28000000000003,27.82908921901793,NaN,NaN
1534464000,333.57965664989047,333.57965664989047,269.5,287.04499999999996,27.37175007277999,NaN,NaN
1534809600,310.3123283249452,310.3123283249452,259.5,277.5225,26.748677229258064,NaN,NaN
1535155200,293.9174141624726,298,268.69,285.795,28.276139157491627,NaN,NaN
1535500800,289.85620708123633,302,271.88,291.2575,29.32414891761408,NaN,NaN
1535846400,290.55685354061814,299.33,227,262.665,27.092641278521114,NaN,NaN
1536192000,276.6109267703091,276.6109267703091,185.02,210.95,23.59523313478715,NaN,NaN
1536537600,243.78046338515455,243.78046338515455,167.32,197.28250000000003,22.759040838292535,NaN,NaN
1536883200,220.5314816925773,227.42,192.4,206.7225,24.742838252579176,NaN,NaN
1537228800,213.62699084628866,252.11,193.47,222.39000000000001,28.045906596471326,NaN,NaN
1537574400,218.00849542314432,255.13,203.61,231.5075,29.97210728689187,NaN,NaN
1537920000,224.75799771157216,237.77,205.01,223.475,29.229720328070115,NaN,NaN
1538265600,224.11649885578606,239,216.51,226.975,30.04282658481759,NaN,NaN
1538611200,225.54574942789304,231.75,219.35,224.4775,29.779895642135344,NaN,NaN
1538956800,225.0116247139465,232.7,189.01,209.88750000000002,28.22578676144549,NaN,NaN
1539302400,217.44956235697327,239,190.04,208.745,28.10211150387893,NaN,NaN
1539648000,213.09728117848664,219.95,203.53,210.7175,28.683109524488344,NaN,NaN
1539993600,211.90739058924333,211.99,202.14,206.27,28.13112207883475,NaN,NaN
1540339200,209.0886952946217,209.0886952946217,202.88,205.54500000000002,28.036404188881548,NaN,NaN
1540684800,207.31684764731085,207.31684764731085,193.01,200.5325,27.35073440115049,NaN,NaN
1541030400,203.92467382365544,218.76,197.88,206.86249999999998,29.68929256924153,NaN,NaN
1541376000,205.3935869118277,224.8,205.3935869118277,214.33499999999998,32.45347594397583,NaN,NaN
1541721600,209.86429345591384,215.55,209,212.5575,32.12989491098527,NaN,NaN
1542067200,211.21089672795694,213.8,170.99,193.6475,28.835906617361687,NaN,NaN
1542412800,202.42919836397846,202.42919836397846,126.95,155.16,23.54505768397884,NaN,NaN
1542758400,178.7945991819892,178.7945991819892,112.32,125.725,20.45404999202573,NaN,NaN
1543104000,152.2597995909946,152.2597995909946,102.36,116.7225,19.60627764084272,NaN,NaN
1543449600,134.49114979549728,134.49114979549728,111.09,118.635,20.361450329467885,NaN,NaN
1543795200,126.56307489774863,126.56307489774863,90.2,103.69749999999999,18.870482413582025,NaN,NaN
1544140800,115.13028744887431,115.13028744887431,82.07,90.465,17.638326584111212,NaN,NaN
1544486400,102.79764372443717,102.79764372443717,82.2,86.8875,17.309260167418714,NaN,NaN
1544832000,94.84257186221859,101.3,81.79,91.825,19.540347071092697,NaN,NaN
1545177600,93.3337859311093,118,93.3337859311093,107.835,26.468273677185678,NaN,NaN
1545523200,100.58439296555466,157.67,100.58439296555466,129.2775,34.59149217643538,NaN,NaN
1545868800,114.93094648277733,145.42,111.22,130.94,35.189312833726504,NaN,NaN
1546214400,122.93547324138866,138.66,122.93547324138866,134.155,36.39990660803502,NaN,NaN
1546300800,128.54523662069434,155.37,128.54523662069434,142.1975,39.44697651808384,NaN,NaN
1546646400,135.37136831034718,159.26,135.37136831034718,151.035,42.69585694768374,NaN,NaN
1546992000,143.20318415517357,151.5,120.08,135.6375,38.790761364834886,NaN,NaN
1547337600,139.42034207758678,139.42034207758678,111.87,121.6875,35.612718579908645,NaN,NaN
1547683200,130.5539210387934,130.5539210387934,115.68,119.98250000000002,35.23278016284321,NaN,NaN
1548028800,125.2682105193967,125.2682105193967,111.39,116.2075,34.35875731615056,NaN,NaN
1548374400,120.73785525969835,120.73785525969835,100.91,110.2025,32.958140578141254,NaN,NaN
1548720000,115.47017762984918,115.47017762984918,102.22,106.2625,32.03539940272162,NaN,NaN
1549065600,110.86633881492459,111.15,105.82,107.7375,32.79398712846478,NaN,NaN
1549411200,109.3019194074623,123,101.21,112.67,35.391009867037326,NaN,NaN
1549756800,110.98595970373114,126.49,110.98595970373114,120.8375,39.556121787699695,NaN,NaN
1550102400,115.91172985186557,135.61,115.91172985186557,127.83000000000001,42.94720659620611,NaN,NaN
1550448000,121.87086492593279,150,121.87086492593279,140.46999999999997,48.56475035106978,NaN,NaN
1550793600,131.17043246296637,166,131.17043246296637,145.3125,50.57265938583047,NaN,NaN
1551139200,138.24146623148317,140.29,126.84,135.08249999999998,46.44753943452197,NaN,NaN
1551484800,136.66198311574158,137.84,122.6,133.12,45.677798349314266,NaN,NaN
1551830400,134.8909915578708,140.29,130.62,136.2225,47.16840310248564,NaN,NaN
1552176000,135.5567457789354,137.5,130.58,134.25,46.29855684849989,NaN,NaN
1552521600,134.9033728894677,144.47,128.52,135.83749999999998,47.14339208341578,NaN,NaN
1552867200,135.37043644473385,142.01,131.21,136.685,47.61718174294429,NaN,NaN
1553212800,136.02771822236693,138.21,131.6,134.66,46.543645552054976,NaN,NaN
1553558400,135.34385911118346,143.6,132.27,138.2725,48.76288998657978,NaN,NaN
1553904000,136.80817955559172,165.6,136.80817955559172,152.9325,56.631392336662174,NaN,NaN
1554249600,144.87033977779586,177.81,144.87033977779586,163.95,61.42583136620421,NaN,NaN
1554595200,154.41016988889794,185.87,154.41016988889794,173.1525,64.91477561192671,NaN,NaN
1554940800,163.781334944449,177.48,158.11,169.985,62.80898722627534,NaN,NaN
1555286400,166.8831674722245,175.2,155.7,167.85999999999999,61.37065594681844,NaN,NaN
1555632000,167.37158373611226,176.97,164.82,171.4125,62.900222150877674,NaN,NaN
1555977600,169.39204186805614,175.83,150.35,163.66250000000002,57.546879707639725,NaN,NaN
1556323200,166.52727093402808,166.52727093402808,152,159.5,54.84689016941662,NaN,NaN
1556668800,163.01363546701404,171.3,158.36,163.8025,57.08803546946897,NaN,NaN
1557014400,163.40806773350704,182.76,157.55,168.7175,59.55752612610349,NaN,NaN
1557360000,166.06278386675353,205.23,166.06278386675353,182.69750000000002,65.61825952469954,NaN,NaN
1557705600,174.38014193337676,279.76,174.38014193337676,229.35,77.65340345743675,NaN,NaN
1558051200,201.8650709666884,268.74,201.8650709666884,251.7225,81.0746984213365,NaN,NaN
1558396800,226.7937854833442,262,226.7937854833442,248.1125,78.97363752209127,NaN,NaN
1558742400,237.4531427416721,279.59,237.4531427416721,261.1425,80.89786779296293,NaN,NaN
1559088000,249.29782137083606,288.62,240.14,266.0425,81.58053077650386,NaN,NaN
1559433600,257.67016068541807,273.2,234.39,254.3875,74.73872020066752,NaN,NaN
1559779200,256.02883034270906,256.02883034270906,226.56,239.11,66.82715861080598,NaN,NaN
1560124800,247.56941517135454,262.98,227.03,243.92499999999998,67.97768852866884,NaN,NaN
1560470400,245.74720758567724,277.06,245.74720758567724,264.16,72.32217806662435,NaN,NaN
1560816000,254.95360379283863,295.94,254.95360379283863,281.22,75.35766543121562,NaN,NaN
1561161600,268.08680189641933,321.7,268.08680189641933,305.975,78.9630236702988,NaN,NaN
1561507200,287.0309009482097,366.8,280.01,320.68,80.76346965941747,NaN,NaN
1561852800,303.8554504741048,323.5,272.65,303.73249999999996,73.00825142456792,NaN,NaN
1562198400,303.7939752370524,309.69,280.53,299.0125,70.9644397612496,NaN,NaN
1562544000,301.4032376185262,318.19,262.12,288.415,66.46548899656494,NaN,NaN
1562889600,294.9091188092631,294.9091188092631,203.08,244.735,51.869162075604805,NaN,NaN
1563235200,269.82205940463155,269.82205940463155,191.84,218.8175,45.486200888855166,NaN,NaN
1563580800,244.31977970231577,244.31977970231577,208.36,219.1925,45.59053115171204,NaN,NaN
1563926400,231.75613985115788,231.75613985115788,202,211.7425,43.79720240222631,NaN,NaN
1564272000,221.74931992557896,221.74931992557896,198.24,210.6875,43.536037371069824,NaN,NaN
1564617600,216.21840996278948,224.51,210.54,218.81499999999997,46.19773324503136,NaN,NaN
1564963200,217.51670498139472,239.15,215.51,224.46,48.030174202797596,NaN,NaN
1565308800,220.98835249069737,221.79,202.6,214.295,45.05443359639184,NaN,NaN
1565654400,217.64167624534866,217.64167624534866,178.04,197.2,40.50896687713665,NaN,NaN
1566000000,207.42083812267433,207.42083812267433,181.83,191.7125,39.143774786326524,NaN,NaN
1566345600,199.56666906133717,199.56666906133717,179.53,190.97,38.95248824725194,NaN,NaN
1566691200,195.2683345306686,195.2683345306686,166.48,180.9525,36.37014307920534,NaN,NaN
1567036800,188.1104172653343,188.1104172653343,163.61,170.59,33.86882408746639,NaN,NaN
1567382400,179.35020863266715,183,168.1,173.895,35.394921764880735,NaN,NaN
1567728000,176.6226043163336,185.38,165,176.165,36.47917639014822,NaN,NaN
1568073600,176.3938021581668,184.36,173,179.70749999999998,38.22166329579249,NaN,NaN
1568419200,178.0506510790834,215.13,178.0506510790834,195.92000000000002,45.57935969434876,NaN,NaN
1568764800,186.9853255395417,223.94,186.9853255395417,212.28499999999997,51.817379792489234,NaN,NaN
1569110400,199.63516276977083,215.61,150.03,187.66,43.700100784871054,NaN,NaN
1569456000,193.64758138488543,193.64758138488543,152.11,167.0075,38.28349008494889,NaN,NaN
1569801600,180.3275406924427,185.53,165.01,173.6225,40.81398900479833,NaN,NaN
1570147200,176.97502034622136,182.32,167.68,176.14000000000001,41.79215072849861,NaN,NaN
1570492800,176.5575101731107,196.65,176.5575101731107,183.5625,44.69434540672949,NaN,NaN
1570838400,180.06000508655535,188.37,175.96,181.3675,43.995751599199124,NaN,NaN
1571184000,180.71375254327768,181.44,168.66,175.6025,42.13304493803206,NaN,NaN
1571529600,178.15812627163882,178.15812627163882,153.45,166.385,39.270215165282224,NaN,NaN
1571875200,172.2715631358194,197.74,158.72,175.64000000000001,43.426753056871995,NaN,NaN
1572220800,173.9557815679097,192.74,173.9557815679097,184.10500000000002,46.99983091266602,NaN,NaN
1572566400,179.03039078395486,188.64,177.02,183.39000000000001,46.731356116629364,NaN,NaN
1572912000,181.21019539197744,195.09,181.21019539197744,186.4875,48.11411485653625,NaN,NaN
1573257600,183.84884769598872,191.58,182.41,186.19750000000002,47.98851664260473,NaN,NaN
1573603200,185.02317384799437,189.66,177.67,184.1975,47.07582188687686,NaN,NaN
1573948800,184.61033692399718,186.09,172.65,178.9575,44.678256704677736,NaN,NaN
1574294400,181.7839184619986,181.7839184619986,138,157.14000000000001,36.37211324584822,NaN,NaN
1574640000,169.4619592309993,169.4619592309993,131.45,144.42499999999998,32.5716304521752,NaN,NaN
1574985600,156.94347961549965,157.6,145.79,150.68249999999998,36.10976156127187,NaN,NaN
1575331200,153.81298980774983,153.81298980774983,143.15,148.06,35.27437043631744,NaN,NaN
1575676800,150.93649490387492,151.62,143.81,147.3625,35.04216649680863,NaN,NaN
1576022400,149.14949745193746,149.14949745193746,139.24,143.225,33.62803348196714,NaN,NaN
1576368000,146.18724872596874,146.18724872596874,116.26,133.73749999999998,30.580539087936103,NaN,NaN
1576713600,139.96237436298435,139.96237436298435,125.69,131.145,29.78619595391183,NaN,NaN
1577059200,135.5536871814922,135.5536871814922,123.07,128.9675,29.10241635274808,NaN,NaN
1577404800,132.2605935907461,138.07,121.91,129.2875,29.35906208874181,NaN,NaN
1577750400,130.77404679537307,133.68,128.17,130.655,30.516627520254104,NaN,NaN
1577836800,130.71452339768655,135.85,125.88,131.27249999999998,31.06593723239051,NaN,NaN
1578182400,130.99351169884326,147.77,130.99351169884326,139.22,37.87349829830637,NaN,NaN
1578528000,135.10675584942163,148.05,135.10675584942163,142.6625,40.609418003440894,NaN,NaN
1578873600,138.8846279247108,171.98,138.8846279247108,156.255,49.97661403073088,NaN,NaN
1579219200,147.5698139623554,179.5,147.5698139623554,167.9625,56.360963980985964,NaN,NaN
1579564800,157.7661569811777,171.47,155.55,164.10500000000002,53.91914724409578,NaN,NaN
1579910400,160.93557849058885,176.2,157.61,167.99,55.98729919924148,NaN,NaN
1580256000,164.46278924529443,187,164.46278924529443,179.2775,61.40685324933342,NaN,NaN
1580601600,171.87014462264722,207.61,171.87014462264722,193.53,66.9421194123625,NaN,NaN
1580947200,182.7000723113236,230.65,182.7000723113236,215.985,73.41229255242749,NaN,NaN
1581292800,199.3425361556618,277.69,199.3425361556618,247.72750000000002,79.51572612040982,NaN,NaN
1581638400,223.5350180778309,288.41,223.5350180778309,265.5025,82.00664025960953,NaN,NaN
1581984000,244.51875903891545,285.88,244.51875903891545,266.09749999999997,82.08517157589858,NaN,NaN
1582329600,255.3081295194577,277.2,244.44,258.4075,77.38430874412208,NaN,NaN
1582675200,256.85781475972885,256.85781475972885,210,231.05,63.46068245483134,NaN,NaN
1583020800,243.95390737986443,243.95390737986443,212.36,222.0775,59.66868809574177,NaN,NaN
1583366400,233.0157036899322,251.93,195.5,217.78000000000003,57.88461280325895,NaN,NaN
1583712000,225.3978518449661,225.3978518449661,101.2,154.26749999999998,39.22048629460287,NaN,NaN
1584057600,189.83267592248305,189.83267592248305,86,111.0925,31.73052439996789,NaN,NaN
1584403200,150.46258796124152,152.55,109.38,126.60749999999999,36.428726177821666,NaN,NaN
1584748800,138.53504398062074,143.36,119.5,133.6925,38.50978273636967,NaN,NaN
1585094400,136.11377199031037,142.33,124.88,134.1525,38.6502058956739,NaN,NaN
1585440000,135.1331359951552,136.99,123.81,131.85750000000002,38.181718697984984,NaN,NaN
1585785600,133.49531799757762,149.76,133.49531799757762,140.77499999999998,41.16586688738518,NaN,NaN
1586131200,137.1351589987888,176.22,137.1351589987888,157.7575,46.465884131742165,NaN,NaN
1586476800,147.44632949939438,170.1,147.44632949939438,161.48749999999998,47.58278280875533,NaN,NaN
1586822400,154.4669147496972,174.96,148.33,162.565,47.92080138264929,NaN,NaN
1587168000,158.5159573748486,189.54,158.5159573748486,174.39749999999998,51.61105863945952,NaN,NaN
1587513600,166.4567286874243,198.36,166.4567286874243,183.27,54.23000950494309,NaN,NaN
1587859200,174.86336434371213,218.77,174.86336434371213,204.4075,59.81065521065144,NaN,NaN
1588204800,189.63543217185605,227.3,189.63543217185605,213.64000000000001,61.990597759564395,NaN,NaN
1588550400,201.63771608592805,215.1,194.88,207.96,59.840094545051926,NaN,NaN
1588896000,204.798858042964,216.61,176,197.5875,56.018327581461136,NaN,NaN
1589241600,201.19317902148202,206.02,185.48,193.04000000000002,54.37859194067167,NaN,NaN
1589587200,197.11658951074102,217.07,193.21,204.9325,57.85310847537563,NaN,NaN
1589932800,201.02454475537053,215.75,191.71,207.16500000000002,58.49219325482031,NaN,NaN
1590278400,204.09477237768527,210.55,196.9,205.58499999999998,57.82392505432717,NaN,NaN
1590624000,204.83988618884263,247,204.67,222.8825,62.8305997943604,NaN,NaN
1590969600,213.8611930944213,253.8,213.8611930944213,238.3925,66.65313403065942,NaN,NaN
1591315200,226.12684654721068,247.87,226.12684654721068,243.0225,67.72034098304067,NaN,NaN
1591660800,234.57467327360536,250.28,226.2,240.09999999999997,66.27847680245692,NaN,NaN
1592006400,237.33733663680266,238.73,218.27,232.46249999999998,62.5314638105514,NaN,NaN
1592352000,234.89991831840132,237.3,225.62,231.78,62.19309450347149,NaN,NaN
1592697600,233.33995915920065,249.24,227.11,234.95250000000001,63.19019636227314,NaN,NaN
1593043200,234.14622957960034,235.39,216,227.72250000000003,59.348695611891216,NaN,NaN
1593388800,230.93436478980018,232.71,221.26,226.33,58.609665641218605,NaN,NaN
1593734400,228.6321823949001,242,223.05,233.2775,61.20528762717229,NaN,NaN
1594080000,230.95484119745004,248.88,230.95484119745004,241.535,64.0879109063405,NaN,NaN
1594425600,236.244920598725,245.33,236.244920598725,240.89,63.6898209716926,NaN,NaN
1594771200,238.5674602993625,241.45,230.02,236.89749999999998,61.157466697434224,NaN,NaN
1595116800,237.73248014968124,269.61,233.28,250.575,66.12639106436157,NaN,NaN
1595462400,244.1537400748406,318.75,244.1537400748406,288.3,75.45357120247985,NaN,NaN
1595808000,266.2268700374203,342,266.2268700374203,323.4375,80.76592023545426,NaN,NaN
1596153600,294.83218501871016,415.85,294.83218501871016,365.40250000000003,84.95404111312858,NaN,NaN
1596499200,330.1173425093551,407,330.1173425093551,383.77500000000003,86.354887831657,NaN,NaN
1596844800,356.94617125467755,400,356.94617125467755,381.335,85.22008873325912,NaN,NaN
1597190400,369.14058562733874,444.71,365.85,405.46750000000003,87.03480335223024,NaN,NaN
1597536000,387.3040428136694,446,387.3040428136694,419.7525,87.97593512421119,NaN,NaN
1597881600,403.52827140683473,418.98,379.92,399.26750000000004,79.10782315596246,NaN,NaN
1598227200,401.3978857034174,410.42,370,388.6025,74.87607400450504,NaN,NaN
1598572800,395.0001928517087,439,379.75,408.9625,77.36536451698622,NaN,NaN
1598918400,401.9813464258543,488.84,357,416.22499999999997,78.1952759145974,NaN,NaN
1599264000,409.1031732129271,409.1031732129271,308.42,356.52750000000003,59.03431001411037,NaN,NaN
1599609600,382.8153366064636,388.57,330.51,361.0675,59.8402674117665,NaN,NaN
1599955200,371.9414183032318,390.43,350,373.33000000000004,62.01408100666666,NaN,NaN
1600300800,372.6357091516159,394.14,363.3,373.38,62.02310765615798,NaN,NaN
1600646400,373.007854575808,376.8,313.29,352.52500000000003,56.04124310914128,NaN,NaN
1600992000,362.766427287904,368.2,337.58,352.1775,55.94442220299464,NaN,NaN
1601337600,357.471963643952,370.45,334.24,351.04999999999995,55.60872267768051,NaN,NaN
1601683200,354.260981821976,356.1,336.8,344.8125,53.689343754759655,NaN,NaN
1602028800,349.536740910988,378.4,332.18,355.475,56.45614430192925,NaN,NaN
1602374400,352.505870455494,394.8,352.505870455494,377.395,61.54288715227667,NaN,NaN
1602720000,364.950435227747,381.79,361.18,374.9425,60.688659558580696,NaN,NaN
1603065600,369.9464676138735,420.73,365.27,394.525,64.88035438974678,NaN,NaN
1603411200,382.23573380693676,419.33,382.23573380693676,402.0225,66.359357570035,NaN,NaN
1603756800,392.12911690346834,410.25,373.29,389.6375,61.734373432460345,NaN,NaN
1604102400,390.88330845173414,404.5,370.23,386.29999999999995,60.51046614690118,NaN,NaN
1604448000,388.59165422586705,468.28,376.47,416.96000000000004,66.98574575495259,NaN,NaN
1604793600,402.77582711293354,476.25,402.77582711293354,451.6325,72.48120110135858,NaN,NaN
1605139200,427.20416355646677,478.01,427.20416355646677,457.3425,73.2703008363543,NaN,NaN
1605484800,442.27333177823334,495.31,442.27333177823334,465.02,74.33590704658542,NaN,NaN
1605830400,453.64666588911666,610.85,453.64666588911666,540.335,81.9414704948474,NaN,NaN
1606176000,496.99083294455835,623,481,557.8149999999999,83.18684326823433,NaN,NaN
1606521600,527.4029164722791,635.7,506.59,561.535,83.44844580978216,NaN,NaN
1606867200,544.4689582361395,623.44,544.4689582361395,591.595,85.42228942336004,NaN,NaN
1607212800,568.0319791180698,607.5,530.43,576.96,80.39546250065098,NaN,NaN
1607558400,572.4959895590349,595,535.5,573.6,79.24250799231663,NaN,NaN
1607904000,573.0479947795175,676.25,573.0479947795175,621.3399999999999,82.97779707176218,NaN,NaN
1608249600,597.1939973897587,669.95,595.9,629.035,83.49340285943532,NaN,NaN
1608595200,613.1144986948793,638.44,551.28,606.055,76.08185065959053,NaN,NaN
1608940800,609.5847493474396,748.09,609.5847493474396,680.5325,81.7394343372288,NaN,NaN
1609286400,645.0586246737198,758.74,645.0586246737198,735.945,84.64888318914481,NaN,NaN
1609459200,690.50181233686,1162.97,690.50181233686,913.7774999999999,90.10027747922685,NaN,NaN
1609804800,802.13965616843,1289,802.13965616843,1130.4575,93.24699157955247,NaN,NaN
1610150400,966.298578084215,1348.33,915,1132.5525,93.26926805318176,NaN,NaN
1610496000,1049.4255390421076,1298,987.48,1140.9175,93.3634052052014,NaN,NaN
1610841600,1095.1715195210538,1438.3,1095.1715195210538,1302.03,94.85574900412642,NaN,NaN
1611187200,1198.600759760527,1398.83,1042.31,1302.5925,94.86009467345029,NaN,NaN
1611532800,1250.5966298802634,1475,1207,1350.97,95.23306902505557,NaN,NaN
1611878400,1300.7833149401317,1436.9,1269.99,1352.625,95.24577893518766,NaN,NaN
1612224000,1326.7041574700659,1760.49,1326.7041574700659,1553.5124999999998,96.47452230427814,NaN,NaN
1612569600,1440.108328735033,1821.88,1440.108328735033,1700.105,97.06968949008142,NaN,NaN
1612915200,1570.1066643675165,1871.72,1570.1066643675165,1783.9550000000002,97.34571231610877,NaN,NaN
1613260800,1677.0308321837583,1855,1655.67,1793.95,97.37742432819724,NaN,NaN
1613606400,1735.490416091879,2042.34,1735.490416091879,1907.1775,97.71105432761972,NaN,NaN
1613952000,1821.3339580459397,1936.29,1355,1676.645,76.4003678013282,NaN,NaN
1614297600,1748.9894790229698,1748.9894790229698,1293.18,1479.28,63.60953984375575,NaN,NaN
1614643200,1614.134739511485,1656.94,1441.66,1549.2275,65.79517336629809,NaN,NaN
1614988800,1581.6811197557424,1870.77,1513.03,1695.5975,69.87284687668398,NaN,NaN
1615334400,1638.6393098778713,1944.3,1638.6393098778713,1864.2175000000002,73.75453799607341,NaN,NaN
1615680000,1751.4284049389357,1933.1,1711.68,1847.6775,72.76418132744506,NaN,NaN
1616025600,1799.552952469468,1868.83,1733.47,1802.2150000000001,69.98257728994807,NaN,NaN
1616371200,1800.883976234734,1807.51,1536.92,1678.35,62.92463150780078,NaN,NaN
1616716800,1739.6169881173669,1841,1585.79,1707.34,63.84371812138115,NaN,NaN
1617062400,1723.4784940586833,2146,1723.4784940586833,1966.15,70.80251201472862,NaN,NaN
1617408000,1844.8142470293417,2151,1844.8142470293417,2093.035,73.49577765736723,NaN,NaN
1617753600,1968.9246235146707,2200,1930.01,2093.93,73.5143361201577,NaN,NaN
1618099200,2031.4273117573352,2447.29,2031.4273117573352,2278.845,77.08451358541214,NaN,NaN
1618444800,2155.1361558786675,2548.29,1946.8,2290.83,77.29810881974912,NaN,NaN
1618790400,2222.9830779393337,2644.47,2055,2333.265,78.07727114049239,NaN,NaN
1619136000,2278.124038969667,2542.8,2107,2395.085,79.19741227166085,NaN,NaN
1619481600,2336.6045194848334,2798.3,2336.6045194848334,2645.7675,82.99233205394083,NaN,NaN
1619827200,2491.186009742417,3527,2491.186009742417,3070.46,87.23941747632793,NaN,NaN
1620172800,2780.8230048712085,3958.33,2780.8230048712085,3576.9575,90.33820308599773,NaN,NaN
1620518400,3178.8902524356045,4372.72,3178.8902524356045,3939.0474999999997,91.86003732736732,NaN,NaN
1620864000,3558.968876217802,4173.28,3343.06,3727.1475,83.56474581399004,NaN,NaN
1621209600,3643.058188108901,3643.058188108901,1888,2956.3724999999995,61.72871798800714,NaN,NaN
1621555200,3299.7153440544503,3299.7153440544503,1728.74,2520.895,53.26072649341569,NaN,NaN
1621900800,2910.305172027225,2910.305172027225,2327.38,2574.35,54.09321327617122,NaN,NaN
1622246400,2742.3275860136127,2742.3275860136127,2180.53,2491.86,52.53808130208356,NaN,NaN
1622592000,2617.0937930068067,2891.95,2550,2675.9975,55.606201694020555,NaN,NaN
1622937600,2646.545646503403,2847.55,2304.91,2597.5675,54.004857869064665,NaN,NaN
1623283200,2622.0565732517016,2624.46,2256.22,2500.0525,51.999755483410844,NaN,NaN
1623628800,2561.0545366258507,2640,2306,2457.1525,51.10087365294602,NaN,NaN
1623974400,2509.103518312925,2509.103518312925,1865.54,2125.5775000000003,44.6731519454792,NaN,NaN
1624320000,2317.3405091564628,2317.3405091564628,1700.48,1859.8925,40.29900830914387,NaN,NaN
1624665600,2088.6165045782313,2245,1717.32,1984.155,43.10495012653794,NaN,NaN
1625011200,2036.3857522891158,2287.78,2018.5,2174.6825,47.20239924574025,NaN,NaN
1625356800,2105.534126144558,2409,2105.534126144558,2277.47,49.3228049954045,NaN,NaN
1625702400,2191.502063072279,2325.6,2046.51,2207.2025000000003,47.906369099714304,NaN,NaN
1626048000,2199.3522815361393,2199.3522815361393,1865,2023.22,44.3177026587244,NaN,NaN
1626393600,2111.28614076807,2111.28614076807,1805,1884.2649999999999,41.7725536772881,NaN,NaN
1626739200,1997.7755703840348,2130.9,1706,1944.97,43.30441749951511,NaN,NaN
1627084800,1971.3727851920175,2433.65,1971.3727851920175,2240.745,50.18150711882806,NaN,NaN
1627430400,2106.0588925960087,2553.86,2106.0588925960087,2406.8824999999997,53.587043961846454,NaN,NaN
1627776000,2256.4706962980044,2772.71,2256.4706962980044,2617.7275,57.552786390985865,NaN,NaN
1628121600,2437.099098149002,3189.99,2437.099098149002,2864.0750000000003,61.67334184805104,NaN,NaN
1628467200,2650.587049074501,3274,2650.587049074501,3056.2574999999997,64.56341479329137,NaN,NaN
1628812800,2853.4222745372504,3335,2853.4222745372504,3140.36,65.77952689778999,NaN,NaN
1629158400,2996.8911372686252,3300,2950,3170.5,66.22684086408606,NaN,NaN
1629504000,3083.6955686343126,3377.89,3083.6955686343126,3239.9349999999995,67.28769925143516,NaN,NaN
1629849600,3161.815284317156,3287,3053.3,3188.8525,65.65380473824084,NaN,NaN
1630195200,3175.3338921585782,3842,3143,3514.1425,70.55675280254417,NaN,NaN
1630540800,3344.738196079289,4027.88,3344.738196079289,3877.51,74.87192329351161,NaN,NaN
1630886400,3611.1240980396447,3970,3005,3587.5525000000002,66.49689008312555,NaN,NaN
1631232000,3599.3382990198224,3599.3382990198224,3108.49,3333.2225000000003,60.14219454608193,NaN,NaN
1631577600,3466.280399509911,3676.28,3269.95,3407.7825,61.30951625980313,NaN,NaN
1631923200,3437.0314497549552,3541.96,2652,3089.9375,54.04322788472115,NaN,NaN
1632268800,3263.4844748774776,3263.4844748774776,2733,2898.9874999999997,50.19439605653775,NaN,NaN
1632614400,3081.2359874387384,3164.94,2738.17,2918.8500000000004,50.58859349869519,NaN,NaN
1632960000,3000.0429937193694,3488,2837.19,3148.3424999999997,55.01844646938066,NaN,NaN
1633305600,3074.1927468596846,3653.98,3074.1927468596846,3482.2949999999996,60.55964596184725,NaN,NaN
1633651200,3278.243873429842,3695,3278.243873429842,3548.8975,61.57626771545513,NaN,NaN
1633996800,3413.570686714921,3907.77,3403.21,3680.5224999999996,63.574546587237045,NaN,NaN
1634342400,3547.0465933574606,3971,3547.0465933574606,3839.1025000000004,65.87703782541178,NaN,NaN
1634688000,3693.0745466787303,4375,3693.0745466787303,4061.7874999999995,68.85430794640457,NaN,NaN
1635033600,3877.431023339365,4307,3877.431023339365,4076.2825000000003,69.04364398482664,NaN,NaN
1635379200,3976.856761669683,4460.47,3890.17,4139.96,69.90905727979667,NaN,NaN
1635724800,4058.4083808348414,4665.87,4058.4083808348414,4407.992499999999,73.29342857753929,NaN,NaN
1636070400,4233.20044041742,4822.97,4233.20044041742,4622.3575,75.65203750408827,NaN,NaN
1636416000,4427.77897020871,4868,4427.77897020871,4700.8425,76.47135492097388,NaN,NaN
1636761600,4564.3107351043545,4772.01,4103,4437.5599999999995,68.18270488713287,NaN,NaN
1637107200,4500.935367552177,4500.935367552177,3956.44,4253.52,63.03907441285698,NaN,NaN
1637452800,4377.227683776089,4451,4022.74,4288.8175,63.60614870122602,NaN,NaN
1637798400,4333.022591888044,4551,3913,4257.22,62.679077325958566,NaN,NaN
1638144000,4295.121295944022,4778.75,4276.89,4465.405,66.17698093574833,NaN,NaN
1638489600,4380.263147972011,4654.88,3503.68,4254.375,60.03460272650286,NaN,NaN
1638835200,4317.319073986006,4488,3887.37,4155.219999999999,57.341495042598126,NaN,NaN
1639180800,4236.2695369930025,4236.2695369930025,3671.45,3900.595,51.01295326934736,NaN,NaN
1639526400,4068.432268496501,4113.43,3643.73,3894.02,50.856867380014876,NaN,NaN
1639872000,3981.2261342482507,4074.87,3753,3941.8275,52.006736520681606,NaN,NaN
1640217600,3961.526817124125,4150,3893.23,4021.575,53.94266844327852,NaN,NaN
1640563200,3991.5509085620624,4127.46,3585,3871.3250000000003,49.86173708479905,NaN,NaN
1640908800,3931.437954281031,3931.437954281031,3622.29,3705.6975,45.75264634518694,NaN,NaN
1640995200,3818.5677271405157,3900.73,3673.46,3758.88,47.255701217566234,NaN,NaN
1641340800,3788.723863570258,3848,3000,3428.5125,39.866210815134856,NaN,NaN
1641686400,3608.618181785129,3608.618181785129,2928.83,3198.125,35.67645899119431,NaN,NaN
1642032000,3403.371590892564,3410,3188,3329.12,39.56555250710182,NaN,NaN
1642377600,3366.245795446282,3366.245795446282,2987.15,3173.2725,36.720946560491036,NaN,NaN
1642723200,3269.759147723141,3269.759147723141,2159,2658.4725,29.242069895512387,NaN,NaN
1643068800,2964.1158238615703,2964.1158238615703,2316.43,2505.745,27.45551839558418,NaN,NaN
1643414400,2734.9304119307853,2813,2476.07,2655.3224999999998,31.84714296801849,NaN,NaN
1643760000,2695.126455965393,3060.47,2576.05,2859.1625,37.40806759092355,NaN,NaN
1644105600,2777.144477982696,3269.7,2777.144477982696,3119.1225,43.715512405681025,NaN,NaN
1644451200,2948.133488991348,3283.66,2836.7,3058.7725,42.64122568168363,NaN,NaN
1644796800,3003.452994495674,3196.19,2829.01,2947.0525,40.64972445820813,NaN,NaN
1645142400,2975.252747247837,2975.252747247837,2558,2740.4675,37.19081543350111,NaN,NaN
1645488000,2857.8601236239183,2857.8601236239183,2300,2617.8725,35.27268259488717,NaN,NaN
1645833600,2737.8663118119593,3037.94,2557.98,2835.075,41.07156901829918,NaN,NaN
1646179200,2786.4706559059796,3043.91,2573,2814.5975,40.701346720322995,NaN,NaN
1646524800,2800.5340779529897,2800.5340779529897,2445,2653.2475,37.80935363922514,NaN,NaN
1646870400,2726.890788976495,2733.25,2493,2617.22,37.17419834480702,NaN,NaN
1647216000,2672.0553944882477,2836,2498.67,2665.5625,38.66315402923729,NaN,NaN
1647561600,2668.808947244124,2987.7,2668.808947244124,2863.8075000000003,44.47470956380911,NaN,NaN
1647907200,2766.308223622062,3193.28,2766.308223622062,3017.97,48.556603989284945,NaN,NaN
1648252800,2892.139111811031,3481.87,2892.139111811031,3267.3525,54.39692799923951,NaN,NaN
1648598400,3079.745805905515,3532.2,3079.745805905515,3396.79,57.11812452390401,NaN,NaN
1648944000,3238.2679029527576,3580.34,3162.39,3338.7525,55.51843289947874,NaN,NaN
1649289600,3288.510201476379,3314.02,3143.15,3207.1825,51.96532159216954,NaN,NaN
1649635200,3247.8463507381894,3247.8463507381894,2950,3097.1625,49.133605569352284,NaN,NaN
1649980800,3172.504425369095,3172.504425369095,2883.22,3011.7149999999997,46.991844715393185,NaN,NaN
1650326400,3092.109712684547,3180,2930.35,3032.075,47.57820870977973,NaN,NaN
1650672000,3062.0923563422734,3062.0923563422734,2767,2894.65,44.03727575386828,NaN,NaN
1651017600,2978.3711781711368,2980,2709.26,2806.4,41.881679795276476,NaN,NaN
1651363200,2892.3855890855684,2965.85,2716.13,2837.3225,42.93571678014347,NaN,NaN
1651708800,2864.8540445427843,2954.65,2484,2724.7524999999996,40.08559214942984,NaN,NaN
1652054400,2794.803272271392,2794.803272271392,1800,2202.6775,30.104613888006654,NaN,NaN
1652400000,2498.740386135696,2498.740386135696,1940.23,2022.7775000000001,27.558255770640898,NaN,NaN
1652745600,2260.758943067848,2260.758943067848,1903.18,2002.085,27.272511169813626,NaN,NaN
1653091200,2131.421971533924,2131.421971533924,1913.02,1985.0025,27.02340213475317,NaN,NaN
1653436800,2058.2122357669623,2058.2122357669623,1703,1874.24,25.403166395459735,NaN,NaN
1653782400,1966.226117883481,2016.45,1759.96,1846.6425,25.000953097784617,NaN,NaN
1654128000,1906.4343089417405,1906.4343089417405,1737,1803.56,24.352719006015462,NaN,NaN
1654473600,1854.99715447087,1920,1725.13,1810.04,24.669097725551538,NaN,NaN
1654819200,1832.518577235435,1832.518577235435,1165.45,1492.0974999999999,20.204180235691055,NaN,NaN
1655164800,1662.3080386177176,1662.3080386177176,1014.4,1144.785,16.657469889209906,NaN,NaN
1655510400,1403.546519308859,1403.546519308859,881.56,1072.085,16.02339899952281,NaN,NaN
1655856000,1237.8157596544295,1256.77,1043.65,1167.16,20.296309681455483,NaN,NaN
1656201600,1202.4878798272148,1280,1087.42,1177.4850000000001,20.767803094607856,NaN,NaN
1656547200,1189.9864399136075,1189.9864399136075,998,1072.3675,19.502875970111532,NaN,NaN
1656892800,1131.1769699568038,1254.29,1045.37,1152.8525,23.352324732728007,NaN,NaN
1657238400,1142.014734978402,1276.46,1091.71,1175.5149999999999,24.44790012912874,NaN,NaN
1657584000,1158.764867489201,1287.82,1006.32,1155.44,24.119021698109492,NaN,NaN
1657929600,1157.1024337446006,1631,1157.1024337446006,1398.95,35.46040425731843,NaN,NaN
1658275200,1278.0262168723002,1650.05,1278.0262168723002,1551.1525000000001,41.359931564733586,NaN,NaN
1658620800,1414.5893584361502,1664.34,1356.17,1551.2275,41.36277595076929,NaN,NaN
1658966400,1482.908429218075,1784.79,1482.908429218075,1672.9799999999998,45.94650712904088,NaN,NaN
1659312000,1577.9442146090373,1704.68,1559.28,1637.51,44.84663157215295,NaN,NaN
1659657600,1607.7271073045185,1818,1605.64,1702.1650000000002,47.32203315558172,NaN,NaN
1660003200,1654.9460536522593,1964.71,1654.9460536522593,1839.205,52.217278077738406,NaN,NaN
1660348800,1747.0755268261296,2030,1747.0755268261296,1929.4875,55.17276015328806,NaN,NaN
1660694400,1838.2815134130647,1959.43,1523.67,1733.9525,48.216739034549946,NaN,NaN
1661040000,1786.1170067065323,1786.1170067065323,1529.92,1614.1599999999999,44.514003905228705,NaN,NaN
1661385600,1700.138503353266,1722,1424,1557.33,42.833494195032976,NaN,NaN
1661731200,1628.734251676633,1628.734251676633,1422.08,1513.695,41.53685256990189,NaN,NaN
1662076800,1571.2146258383164,1650,1534.28,1597.0625,44.9647207385361,NaN,NaN
1662422400,1584.1385629191582,1746.13,1490.66,1643.205,46.82318108352473,NaN,NaN
1662768000,1613.671781459579,1789,1560.54,1660.545,47.5401035802799,NaN,NaN
1663113600,1637.1083907297896,1655.2,1405.52,1525.9875000000002,42.72629726588583,NaN,NaN
1663459200,1581.547945364895,1581.547945364895,1220,1351.0575,37.42126507160072,NaN,NaN
1663804800,1466.3027226824474,1466.3027226824474,1237.32,1284.435,35.60791909389043,NaN,NaN
1664150400,1375.3688613412237,1400,1253.2,1320.8799999999999,37.39511492657597,NaN,NaN
1664496000,1348.1244306706117,1373.19,1263.04,1323.7525,37.54225560199696,NaN,NaN
1664841600,1335.9384653353059,1383.99,1316.29,1338.62,38.34990131455182,NaN,NaN
1665187200,1337.2792326676529,1338,1267.01,1304.0549999999998,37.1472370398739,NaN,NaN
1665532800,1320.6671163338265,1343.12,1190,1272.0375,36.020392157347736,NaN,NaN
1665878400,1296.3523081669132,1341.73,1274.67,1294.105,37.42922527575702,NaN,NaN
1666224000,1295.2286540834566,1371.55,1252.65,1318.3725,39.019476409748115,NaN,NaN
1666569600,1306.8005770417283,1594.99,1306.8005770417283,1449.3500000000001,46.86829476010282,NaN,NaN
1666915200,1378.0752885208642,1663.06,1378.0752885208642,1557.4025000000001,52.32044853728984,NaN,NaN
1667260800,1467.738894260432,1680,1467.738894260432,1599.9475,54.30859004971246,NaN,NaN
1667606400,1533.8431971302161,1666.97,1233,1469.88,47.75288115914601,NaN,NaN
1667952000,1501.8615985651081,1501.8615985651081,1073.53,1253.8899999999999,39.274525768212236,NaN,NaN
1668297600,1377.875799282554,1377.875799282554,1171.13,1233.9375,38.59286636286094,NaN,NaN
1668643200,1305.906649641277,1305.906649641277,1132.65,1181.505,36.78599625423733,NaN,NaN
1668988800,1243.7058248206386,1243.7058248206386,1075,1159.6625,36.02923071185862,NaN,NaN
1669334400,1201.6841624103192,1235.66,1151.02,1189.5425,37.91095814757882,NaN,NaN
1669680000,1195.6133312051597,1309.77,1158.27,1232.85,40.63655394979809,NaN,NaN
1670025600,1214.2316656025798,1309,1214.2316656025798,1278.04,43.42728158021145,NaN,NaN
1670371200,1246.1358328012898,1296.64,1218.01,1263.0774999999999,42.711323032684234,NaN,NaN
1670716800,1254.6066664006448,1352.72,1240.03,1291.6349999999998,44.58900438256042,NaN,NaN
1671062400,1273.1208332003223,1311.14,1155.32,1239.2424999999998,41.877164826489924,NaN,NaN
1671408000,1256.181666600161,1256.181666600161,1150.51,1197.3175,39.7916339617197,NaN,NaN
1671753600,1226.7495833000805,1231.99,1193.18,1217.75,41.32527435134906,NaN,NaN
1672099200,1222.2497916500402,1233.73,1181.06,1210.725,40.93916071872243,NaN,NaN
1672444800,1216.48739582502,1216.48739582502,1191.66,1199.0575000000001,40.26625107597686,NaN,NaN
1672531200,1207.77244791251,1272.6,1190.57,1229.0500000000002,42.86600332849336,NaN,NaN
1672876800,1218.411223956255,1296,1218.411223956255,1269.7675,46.283980329350264,NaN,NaN
1673222400,1244.0893619781275,1438,1244.0893619781275,1357.3775,52.82365415831569,NaN,NaN
1673568000,1300.733430989064,1604.5,1300.733430989064,1499.5949999999998,61.102314546103884,NaN,NaN
1673913600,1400.1642154945318,1669.9,1400.1642154945318,1601.6875,65.74891739013654,NaN,NaN
1674259200,1500.925857747266,1679.26,1500.925857747266,1607.19,65.98476752726216,NaN,NaN
1674604800,1554.057928873633,1641,1518,1571.7675,62.97829942578339,NaN,NaN
1674950400,1562.9127144368165,1660,1535,1602.1950000000002,64.47560799028295,NaN,NaN
1675296000,1582.5538572184082,1714.68,1582.5538572184082,1648.6675,66.69138459771322,NaN,NaN
1675641600,1615.6106786092041,1697.91,1524.4,1599.1675,62.23839624938967,NaN,NaN
1675987200,1607.389089304602,1607.389089304602,1461.93,1516.8825,55.59325679398296,NaN,NaN
1676332800,1562.135794652301,1742.97,1482.66,1606.1875,60.520027317672316,NaN,NaN
1676678400,1584.1616473261506,1726.59,1584.1616473261506,1679.115,64.02963439963753,NaN,NaN
1677024000,1631.6383236630754,1679,1557.33,1622.67,59.61252641112618,NaN,NaN
1677369600,1627.1541618315377,1669.72,1587.76,1629.3200000000002,59.96295526597541,NaN,NaN
1677715200,1628.237080915769,1677.86,1544.39,1613.015,58.619935665052,NaN,NaN
1678060800,1620.6260404578845,1620.6260404578845,1408,1498.5949999999998,50.134037303888135,NaN,NaN
1678406400,1559.6105202289423,1693.49,1368.39,1543.1625,52.98870596386201,NaN,NaN
1678752000,1551.386510114471,1800,1551.386510114471,1718.4275000000002,62.16227142327514,NaN,NaN
1679097600,1634.9070050572357,1841.36,1634.9070050572357,1787.2150000000001,65.04524850179118,NaN,NaN
1679443200,1711.0610025286178,1857.16,1710.12,1777.5975,64.30748862211053,NaN,NaN
1679788800,1744.3292512643088,1827.99,1686.13,1762.2675,63.0793391251115,NaN,NaN
1680134400,1753.2983756321544,1847.28,1753.2983756321544,1799.4625,64.83417916779028,NaN,NaN
1680480000,1776.3804378160771,1942.98,1762.77,1843.1675,66.82923390767698,NaN,NaN
1680825600,1809.7739689080386,1918.79,1809.7739689080386,1881.3525,68.51016825373875,NaN,NaN
1681171200,1845.5632344540193,2128.76,1845.5632344540193,1997.9025000000001,73.00650237919757,NaN,NaN
1681516800,1921.7328672270096,2141.54,1921.7328672270096,2099.0074999999997,76.18346337180037,NaN,NaN
1681862400,2010.3701836135047,2104.6,1825,1976.8175,66.06384200947753,NaN,NaN
1682208000,1993.5938418067524,1993.5938418067524,1785,1872.4750000000001,58.87225884694492,NaN,NaN
1682553600,1933.0344209033763,1940.96,1861.19,1884.5625,59.42331665236206,NaN,NaN
1682899200,1908.7984604516882,1918.26,1806.12,1867.8825,58.26320205231242,NaN,NaN
1683244800,1888.3404802258442,2019,1810.73,1888.5899999999997,59.3248713230384,NaN,NaN
1683590400,1888.465240112922,1888.465240112922,1740,1820.6175,54.430440175168435,NaN,NaN
1683936000,1854.541370056461,1854.541370056461,1785.05,1815.8525,54.09352155067188,NaN,NaN
1684281600,1835.1969350282304,1837.5,1771.12,1813.0625,53.883210246574556,NaN,NaN
1684627200,1824.1297175141153,1872.5,1777.6,1817.3525000000002,54.178213732899536,NaN,NaN
1684972800,1820.7411087570576,1918.65,1761.41,1847.1475,56.27046445399607,NaN,NaN
1685318400,1833.9443043785288,1927.62,1833.9443043785288,1884.51,58.81031082114209,NaN,NaN
1685664000,1859.2271521892644,1914.63,1778,1841.2275,54.836873544730935,NaN,NaN
1686009600,1850.2273260946322,1898.29,1797.18,1836.5825,54.41199422377573,NaN,NaN
1686355200,1843.404913047316,1844.99,1715.03,1785.1274999999998,49.80815730983703,NaN,NaN
1686700800,1814.266206523658,1814.266206523658,1626.01,1715.9725,44.373973840382426,NaN,NaN
1687046400,1765.119353261829,1901,1698,1803.965,51.6084937606868,NaN,NaN
1687392000,1784.5421766309146,1936.42,1784.5421766309146,1896.3325,57.81127291871712,NaN,NaN
1687737600,1840.4373383154573,1912.53,1816.56,1869.9699999999998,55.61998165696438,NaN,NaN
1688083200,1855.2036691577287,1976.16,1825.01,1902.175,57.727941651251555,NaN,NaN
1688428800,1878.6893345788644,1967.08,1826,1904.885,57.909114710601806,NaN,NaN
1688774400,1891.787167289432,1905.5,1842.8,1874.38,55.04904615826262,NaN,NaN
1689120000,1883.083583644716,2029.11,1862.59,1925.355,58.71814653853195,NaN,NaN
1689465600,1904.2192918223582,1943.55,1873.26,1909.2125,57.12789028619532,NaN,NaN
1689811200,1906.7158959111791,1929.05,1851.18,1889.4,55.15355261063419,NaN,NaN
1690156800,1898.0579479555895,1898.0579479555895,1833.19,1868.5175,53.07163467963399,NaN,NaN
1690502400,1883.2877239777947,1886.58,1848.17,1863.045,52.51221414023148,NaN,NaN
1690848000,1873.1663619888973,1879.74,1813.8,1844.975,50.61501727637252,NaN,NaN
1691193600,1859.0706809944486,1876.51,1802,1841.2625,50.21362717836736,NaN,NaN
1691539200,1850.1665904972242,1871.99,1838.05,1854.0675,51.63820914858907,NaN,NaN
1691884800,1852.1170452486122,1862,1798.17,1829.48,48.753498763194955,NaN,NaN
1692230400,1840.798522624306,1840.798522624306,1550,1713.26,37.9591062565917,NaN,NaN
1692576000,1777.029261312153,1777.029261312153,1580,1657.125,34.03892787187591,NaN,NaN
1692921600,1717.0771306560764,1717.0771306560764,1621.75,1653.3025,33.78307664713495,NaN,NaN
1693267200,1685.189815328038,1745.84,1602.33,1657.5925,34.37921563558183,NaN,NaN
1693612800,1671.391157664019,1671.391157664019,1609.69,1630.3225,32.38342995089269,NaN,NaN
1693958400,1650.8568288320093,1670,1609.2,1637.3,33.44801012754388,NaN,NaN
1694304000,1644.0784144160048,1644.0784144160048,1531.01,1602.465,30.837612654513634,NaN,NaN
1694649600,1623.2717072080022,1654.08,1607.05,1622.8049999999998,34.07295173008728,NaN,NaN
1694995200,1623.038353604001,1669.5,1567.77,1610.9225000000001,33.09885005439398,NaN,NaN
1695340800,1616.9804268020007,1616.9804268020007,1563.01,1584.49,30.977300398878853,NaN,NaN
1695686400,1600.7352134010002,1688,1580.05,1630.96,38.44708433709431,NaN,NaN
1696032000,1615.8476067005001,1751,1615.8476067005001,1678.03,44.946271511810636,NaN,NaN
1696377600,1646.93880335025,1662,1606.73,1639.795,41.14579980747646,NaN,NaN
1696723200,1643.366901675125,1643.366901675125,1544.26,1596.5225,37.30159264981045,NaN,NaN
1697068800,1619.9447008375626,1619.9447008375626,1521,1555.2475,34.035193341098136,NaN,NaN
1697414400,1587.5961004187811,1639.43,1541.61,1576.3474999999999,37.068991265368396,NaN,NaN
1697760000,1581.9718002093905,1800,1561.19,1673.305,48.736239848975735,NaN,NaN
1698105600,1627.6384001046954,1865.54,1627.6384001046954,1788.7675,58.58360940822235,NaN,NaN
1698451200,1708.2029500523477,1829.84,1708.2029500523477,1796.645,59.16001409146875,NaN,NaN
1698796800,1752.4239750261738,1875,1752.4239750261738,1830.58,61.63693787435866,NaN,NaN
1699142400,1791.501987513087,1914.23,1791.501987513087,1876,64.7210272172932,NaN,NaN
1699488000,1833.7509937565435,2136.99,1833.7509937565435,1987.9624999999999,70.92586731921645,NaN,NaN
1699833600,1910.8567468782717,2118,1910.8567468782717,2015.2650000000003,72.20945697298322,NaN,NaN
1700179200,1963.060873439136,2066.4,1904,1988.3925,68.98139579548204,NaN,NaN
1700524800,1975.726686719568,2133.02,1928.41,2040.92,71.64932569266927,NaN,NaN
1700870400,2008.323343359784,2094.99,1985.78,2052.4375,72.21366411110841,NaN,NaN
1701216000,2030.3804216798922,2186.6,2019.31,2104.6974999999998,74.67681191217079,NaN,NaN
1701561600,2067.538960839946,2312.23,2067.538960839946,2214.67,78.91298481501269,NaN,NaN
1701907200,2141.104480419973,2403,2141.104480419973,2302.5225,81.56594582173949,NaN,NaN
1702252800,2221.8134902099864,2355,2144.32,2291.7574999999997,80.23390275421524,NaN,NaN
1702598400,2256.785495104993,2317.81,2116.6,2242.29,74.23452848489589,NaN,NaN
1702944000,2249.5377475524965,2343.15,2135.55,2255.67,74.78375226789736,NaN,NaN
1703289600,2252.6038737762483,2330.65,2178.45,2266.13,75.22830895754582,NaN,NaN
1703635200,2259.366936888124,2445.8,2211.88,2295.06,76.46419161894251,NaN,NaN
1703980800,2277.213468444062,2321.34,2258.88,2288.4425,75.53585615738739,NaN,NaN
1704067200,2282.827984222031,2431.3,2100,2270.07,72.88995562205794,NaN,NaN
1704412800,2276.4489921110153,2358.2,2166.38,2280.5325,73.46008289732276,NaN,NaN
1704758400,2278.4907460555078,2717.32,2226.78,2449.2675,80.56046655377384,NaN,NaN
1705104000,2363.879123027754,2614.43,2363.879123027754,2548.595,83.37936193614476,NaN,NaN
1705449600,2456.237061513877,2592.97,2415.2,2516.8975,79.42140664205249,NaN,NaN
1705795200,2486.5672807569385,2486.5672807569385,2168.07,2339.3225,61.73988523495935,NaN,NaN
1706140800,2412.9448903784696,2412.9448903784696,2171.3,2242.8650000000002,54.62580486600483,NaN,NaN
1706486400,2327.904945189235,2391.98,2233.8,2296.7400000000002,57.56680248621849,NaN,NaN
1706832000,2312.3224725946175,2338.41,2266,2302.63,57.88817042236503,NaN,NaN
1707177600,2307.476236297309,2525,2299,2403.1,63.031396564718946,NaN,NaN
1707523200,2355.2881181486546,2686.12,2355.2881181486546,2571.06,69.69488431205835,NaN,NaN
1707868800,2463.1740590743275,2867.65,2463.1740590743275,2727.9925,74.34743457446115,NaN,NaN
1708214400,2595.5832795371634,3033.09,2595.5832795371634,2887.79,78.04379400308457,NaN,NaN
1708560000,2741.6866397685817,3122,2741.6866397685817,3027.1375,80.6607525612191,NaN,NaN
1708905600,2884.4120698842908,3522.81,2884.4120698842908,3253.0225,83.99163573483101,NaN,NaN
1709251200,3068.7172849421454,3640.94,3068.7172849421454,3486.835,86.57008261247141,NaN,NaN
1709596800,3277.7761424710725,3993.75,3200,3676.215,88.22448854794843,NaN,NaN
1709942400,3476.9955712355363,4093.92,3476.9955712355363,3920.05,89.94243019870933,NaN,NaN
1710288000,3698.522785617768,4083,3468.8,3763.715,81.71136653624387,NaN,NaN
1710633600,3731.118892808884,3731.118892808884,3056.56,3443.715,67.99479808670074,NaN,NaN
1710979200,3587.416946404442,3587.416946404442,3250,3452.2075,68.14761632904442,NaN,NaN
1711324800,3519.812223202221,3678.86,3420.12,3528.6150000000002,69.55606347656342,NaN,NaN
1711670400,3524.2136116011106,3655.32,3413.71,3533.33,69.6452615556318,NaN,NaN
1712016000,3528.7718058005553,3528.7718058005553,3202.79,3382.5099999999998,63.26043918606017,NaN,NaN
1712361600,3455.6409029002775,3730.71,3306.68,3465.4075,65.1515124727786,NaN,NaN
1712707200,3460.5242014501387,3618.3,2852,3245.9275000000002,56.81347312442799,NaN,NaN
1713052800,3353.2258507250694,3353.2258507250694,2906.73,3044.25,50.427147984410105,NaN,NaN
1713398400,3198.737925362535,3198.737925362535,2865.18,3048.86,50.563943438743586,NaN,NaN
1713744000,3123.7989626812678,3293.56,3072.2,3167.3049999999994,54.070793468556374,NaN,NaN
1714089600,3145.5519813406336,3357.4,3066.74,3199.17,54.99572381448618,NaN,NaN
1714435200,3172.360990670317,3250.95,2817,3096.825,51.414410345770406,NaN,NaN
1714780800,3134.5929953351583,3221.4,2998,3081.925,50.894784179515135,NaN,NaN
1715126400,3108.258997667579,3108.258997667579,2878.03,2963.7925000000005,46.85181541268225,NaN,NaN
1715472000,3036.0257488337897,3041.36,2862,2962.09,46.79412271750876,NaN,NaN
1715817600,2999.057874416895,3146.98,2922.8,3043.3800000000006,49.96241631798026,NaN,NaN
1716163200,3021.2189372084476,3949.29,3021.2189372084476,3462.9425,62.405636205913694,NaN,NaN
1716508800,3242.080718604224,3977,3242.080718604224,3820.23,69.38710353696081,NaN,NaN
1716854400,3531.1553593021117,3931.09,3531.1553593021117,3822.5425000000005,69.42667801568395,NaN,NaN
1717200000,3676.848929651056,3849.99,3676.848929651056,3788.1274999999996,68.01744817582468,NaN,NaN
1717545600,3732.488214825528,3887.47,3600,3744.8175,66.19642662773332,NaN,NaN
1717891200,3738.652857412764,3738.652857412764,3432,3598.8050000000003,60.33195751134598,NaN,NaN
1718236800,3668.7289287063822,3668.7289287063822,3362.26,3550.1475,58.472898326887076,NaN,NaN
1718582400,3609.438214353191,3638.37,3355,3532.7149999999997,57.78588973260988,NaN,NaN
1718928000,3571.0766071765956,3571.0766071765956,3240,3413.34,53.17823564974406,NaN,NaN
1719273600,3492.208303588298,3492.208303588298,3325.01,3386.4,52.16729588794303,NaN,NaN
1719619200,3439.304151794149,3524.94,3352.66,3419.775,53.35046557442008,NaN,NaN
1719964800,3429.5395758970744,3432.1,2810,3182.57,44.857745796178236,NaN,NaN
1720310400,3306.0547879485375,3306.0547879485375,2822.8,3035.5474999999997,40.549156907404324,NaN,NaN
1720656000,3170.8011439742686,3268.72,3045.58,3165.11,45.51564737412471,NaN,NaN
1721001600,3167.955571987134,3517,3167.955571987134,3355.48,51.87698299238505,NaN,NaN
1721347200,3261.7177859935673,3562.82,3261.7177859935673,3451.4775,54.746288640340985,NaN,NaN
1721692800,3356.5976429967836,3541,3087.53,3335.6875000000005,50.81099217314753,NaN,NaN
1722038400,3346.142571498392,3396.77,3191.01,3285.3975,49.158215601885814,NaN,NaN
1722384000,3315.770035749196,3350,2859,3097.96,43.481229634455225,NaN,NaN
1722729600,3206.865017874598,3206.865017874598,2111,2573.2275,32.252104281842975,NaN,NaN
1723075200,2890.046258937299,2890.046258937299,2320.4,2485.6674999999996,30.821717711861766,NaN,NaN
1723420800,2687.8568794686494,2780,2510.05,2603.83,35.01058496670858,NaN,NaN
1723766400,2645.8434397343244,2689.16,2550.04,2611.365,35.279710895300624,NaN,NaN
1724112000,2628.604219867162,2799.13,2536.22,2683.5474999999997,37.931374265730746,NaN,NaN
1724457600,2656.075859933581,2820,2392.96,2608.1949999999997,36.26116781380199,NaN,NaN
1724803200,2632.13542996679,2632.13542996679,2418.8,2496.135,33.87249635720731,NaN,NaN
1725148800,2564.135214983395,2564.83,2306.65,2458.7974999999997,33.0903372128798,NaN,NaN
1725494400,2511.4663574916976,2511.4663574916976,2150.55,2341.1400000000003,30.685733592974046,NaN,NaN
1725840000,2426.303178745849,2426.303178745849,2272.8,2332.965,30.519783849425977,NaN,NaN
1726185600,2379.634089372925,2464.82,2252.39,2343.66,31.045174631922066,NaN,NaN
1726531200,2361.6470446864623,2571.93,2263.29,2423.0725,34.97688759859544,NaN,NaN
1726876800,2392.3597723432313,2702.82,2392.3597723432313,2610.5,43.207584514779796,NaN,NaN
1727222400,2501.4298861716156,2728.6,2501.4298861716156,2652.765,44.90130754601798,NaN,NaN
1727568000,2577.0974430858078,2683.7,2352,2518.7525,40.751354176960035,NaN,NaN
1727913600,2547.924971542904,2547.924971542904,2310,2392.98,37.26984984646881,NaN,NaN
1728259200,2470.4524857714523,2521,2330.66,2419.5425,38.465519941582514,NaN,NaN
1728604800,2444.9974928857264,2654,2381.86,2513.035,42.61172449034682,NaN,NaN
1728950400,2479.016246442863,2688.6,2479.016246442863,2624.48,47.18045307814696,NaN,NaN
1729296000,2551.7481232214313,2769.48,2551.7481232214313,2660.2549999999997,48.59520265562305,NaN,NaN
1729641600,2606.0015616107157,2628.2,2382.59,2529.0275,43.9454610148587,NaN,NaN
1729987200,2567.514530805358,2722.3,2464.13,2582.0325000000003,46.18528126364653,NaN,NaN
1730332800,2574.773515402679,2669,2411,2549.23,44.98725412499091,NaN,NaN
1730678400,2562.0017577013396,2916.11,2357.59,2656.725,49.600973878854,NaN,NaN
1731024000,2609.3633788506695,3387.61,2609.3633788506695,3135.2675,64.05391940097398,NaN,NaN
1731369600,2872.3154394253347,3442.5,2872.3154394253347,3229.65,66.11769652946194,NaN,NaN
1731715200,3050.9827197126674,3224.94,3034.99,3114.3450000000003,61.47419643545615,NaN,NaN
1732060800,3082.663859856334,3497.51,3029.41,3257.0699999999997,64.77219125171956,NaN,NaN
1732406400,3169.866929928167,3684.92,3169.866929928167,3496.0275,69.48252949098107,NaN,NaN
1732752000,3332.9472149640833,3746.8,3332.9472149640833,3659.36,72.21705150987941,NaN,NaN
1733097600,3496.1536074820415,3956,3496.1536074820415,3737.2025000000003,73.43860535463935,NaN,NaN
1733443200,3616.678053741021,4087.73,3509,3773.485,74.01215324974449,NaN,NaN
1733788800,3695.0815268705105,3987.41,3515.89,3780.5249999999996,74.12888636556772,NaN,NaN
1734134400,3737.803263435255,4107.8,3737.803263435255,3933.1600000000003,76.58467060358696,NaN,NaN
1734480000,3835.4816317176274,3907.19,3101.9,3560.255,61.28003911937483,NaN,NaN
1734825600,3697.8683158588137,3697.8683158588137,3216.97,3400.21,56.09847724566658,NaN,NaN
1735171200,3549.039157929407,3549.039157929407,3304.63,3418.2625,56.54481455239523,NaN,NaN
1735516800,3483.6508289647036,3483.6508289647036,3305,3362.565,54.697116224226264,NaN,NaN
1735689600,3423.1079144823516,3671.6,3313.88,3495.035,58.195948866300746,NaN,NaN
1736035200,3459.0714572411757,3744.83,3208.2,3484.3,57.80632827405205,NaN,NaN
1736380800,3471.6857286205877,3471.6857286205877,3158,3277.465,50.75551729312555,NaN,NaN
1736726400,3374.575364310294,3473.75,2920,3242.2749999999996,49.64601550753511,NaN,NaN
1737072000,3308.425182155147,3525.72,3130.48,3312.06,51.891914995594504,NaN,NaN
1737417600,3310.2425910775737,3428,3185,3301.77,51.52696863000405,NaN,NaN
1737763200,3306.0062955387866,3362,3020.01,3192.4575,47.68993822760254,NaN,NaN
1738108800,3249.231897769393,3437.31,3054.06,3171.6575000000003,46.973153805163534,NaN,NaN
1738454400,3210.4446988846967,3210.4446988846967,2125.01,2798.5,36.402411673681044,NaN,NaN
1738800000,3004.4723494423483,3004.4723494423483,2520.02,2698.2725,34.177679489185735,NaN,NaN
1739145600,2851.372424721174,2851.372424721174,2546.92,2661.3549999999996,33.36873741467356,NaN,NaN
1739491200,2756.3637123605868,2849.7,2637.71,2726.8325,36.250740777951364,NaN,NaN
1739836800,2741.598106180293,2845.32,2605.44,2714.4525000000003,35.934266466727536,NaN,NaN
1740182400,2728.0253030901467,2857.34,2313.49,2582.3824999999997,32.658684432172194,NaN,NaN
1740528000,2655.203901545073,2655.203901545073,2076.26,2324.21,27.400572577754076,NaN,NaN
1740873600,2489.7069507725364,2550.58,1993.2,2250.6925,26.111355683006195,NaN,NaN
1741219200,2370.1997253862683,2370.1997253862683,1989.66,2142.9125,24.305809613541598,NaN,NaN
1741564800,2256.5561126931343,2256.5561126931343,1754.28,1947.925,21.420092408576267,NaN,NaN
1741910400,2102.2405563465672,2102.2405563465672,1860.38,1902.1174999999998,20.795456931497554,NaN,NaN
1742256000,2002.1790281732835,2069.9,1872.31,1958.565,23.7463845177257,NaN,NaN
1742601600,1980.3720140866417,2104.11,1964.34,2025.085,27.189069252630375,NaN,NaN
1742947200,2002.7285070433209,2079.21,1797.2,1942.6625,25.64415817668805,NaN,NaN
1743292800,1972.6955035216604,1972.6955035216604,1767.69,1837.0000000000002,23.778813433833548,NaN,NaN
1743638400,1904.8477517608303,1904.8477517608303,1537.5,1689.6825000000001,21.437483560261327,NaN,NaN
1743984000,1797.2651258804153,1797.2651258804153,1385.05,1544.2675,19.40627652018908,NaN,NaN
1744329600,1670.7663129402076,1691.5,1504.63,1585.5349999999999,21.67440538221382,NaN,NaN
1744675200,1628.1506564701037,1661.21,1538.07,1602.915,22.66156679112261,NaN,NaN
1745020800,1615.532828235052,1778,1537.26,1665.03,26.239558870145757,NaN,NaN
1745366400,1640.2814141175259,1841.16,1640.2814141175259,1785.2975,32.72901456967135,NaN,NaN
1745712000,1712.7894570587628,1857.47,1712.7894570587628,1800.9125,33.54650184743137,NaN,NaN
1746057600,1756.8509785293813,1873.17,1756.8509785293813,1817.0424999999998,34.43287464379233,NaN,NaN
1746403200,1786.9467392646907,2226,1752,1998.5625,43.55685921568287,NaN,NaN
1746748800,1892.7546196323453,2624,1892.7546196323453,2377.7974999999997,57.014973457522885,NaN,NaN
1747094400,2135.2760598161726,2738.5,2135.2760598161726,2546.6,61.42402427024091,NaN,NaN
1747440000,2340.9380299080863,2588.63,2323.21,2493.29,59.35346128125093,NaN,NaN
1747785600,2417.1140149540433,2734.23,2417.1140149540433,2560.255,61.12614659629672,NaN,NaN
1748131200,2488.6845074770217,2712.36,2463,2596.8425,62.09873989518953,NaN,NaN
1748476800,2542.7635037385107,2788,2468.56,2619.3450000000003,62.71657446727712,NaN,NaN
1748822400,2581.0542518692555,2679.88,2391.66,2506.1875,57.62914942042704,NaN,NaN
1749168000,2543.6208759346277,2693.99,2381.49,2542.4075000000003,58.78168854290957,NaN,NaN
1749513600,2543.014187967314,2879.22,2436.98,2643.88,61.90783119472019,NaN,NaN
1749859200,2593.447093983657,2680.34,2453.8,2555.82,57.81015414983315,NaN,NaN
1750204800,2574.6335469918286,2574.6335469918286,2216,2397.67,51.24936843320776,NaN,NaN
1750550400,2486.1517734959143,2486.1517734959143,2111.89,2327.035,48.59663644874173,NaN,NaN
1750896000,2406.593386747957,2525,2382.53,2456.53,53.362661771101294,NaN,NaN
1751241600,2431.5616933739784,2635.5,2373,2524.96,55.70012880508687,NaN,NaN
1751587200,2478.260846686989,2605,2474.24,2553.1975,56.665316453884685,NaN,NaN
1751932800,2515.729173343495,3040.15,2515.729173343495,2766.065,63.17831205061584,NaN,NaN
1752278400,2640.8970866717473,3144.14,2640.8970866717473,3036.0225,69.4493128881566,NaN,NaN
1752624000,2838.4597933358737,3673.84,2838.4597933358737,3376.1875,75.18436609451561,NaN,NaN
1752969600,3107.323646667937,3860,3107.323646667937,3651.8225,78.67728422951096,NaN,NaN
1753315200,3379.5730733339688,3879.82,3379.5730733339688,3720.7650000000003,79.4561838655091,NaN,NaN
1753660800,3550.1690366669845,3941,3550.1690366669845,3843.685,80.80266459681668,NaN,NaN